{
	"IgnoreMetaFiles":"True",
	"TargetDirectory":".ModuleService\\Modules\\TestModule",
	"FileExtension":"",
	"FolderInformations":{
		"Name":"TestModule",
		"Path":".ModuleService\\Modules\\TestModule",
		"FileInfos":
		[
			{
				"FileName":"Config",
				"Extension":"json"
			},
			{
				"FileName":"FileInfos",
				"Extension":"json"
			}
		],
		"FolderInfos":
		[
			{
				"Name":"ModResources",
				"Path":".ModuleService\\Modules\\TestModule\\ModResources",
				"FileInfos":
				[
					{
						"FileName":"Readme",
						"Extension":"txt"
					}
				],
				"FolderInfos":
				[
					{
						"Name":"Sprites",
						"Path":".ModuleService\\Modules\\TestModule\\ModResources\\Sprites",
						"FolderInfos":
						[
							{
								"Name":"Icons",
								"Path":".ModuleService\\Modules\\TestModule\\ModResources\\Sprites\\Icons",
								"FileInfos":
								[
									{
										"FileName":"HealthReduce",
										"Extension":"png"
									},
									{
										"FileName":"HealthReduce2",
										"Extension":"png"
									},
									{
										"FileName":"HealthReduce3",
										"Extension":"png"
									},
									{
										"FileName":"hourglass",
										"Extension":"png"
									},
									{
										"FileName":"HP",
										"Extension":"png"
									},
									{
										"FileName":"magic_icon",
										"Extension":"png"
									},
									{
										"FileName":"melee_icon",
										"Extension":"png"
									},
									{
										"FileName":"range_icon",
										"Extension":"png"
									},
									{
										"FileName":"Shield",
										"Extension":"png"
									},
									{
										"FileName":"swords",
										"Extension":"png"
									}
								]
							}
						]
					}
				]
			},
			{
				"Name":"UCL_Assets",
				"Path":".ModuleService\\Modules\\TestModule\\UCL_Assets",
				"FolderInfos":
				[
					{
						"Name":"ATS_IconSprite",
						"Path":".ModuleService\\Modules\\TestModule\\UCL_Assets\\ATS_IconSprite",
						"FileInfos":
						[
							{
								"FileName":"",
								"Extension":"CommonDataMeta"
							},
							{
								"FileName":"Default",
								"Extension":"json"
							},
							{
								"FileName":"Icon_Heal",
								"Extension":"json"
							}
						]
					},
					{
						"Name":"UCL_GameObjectAsset",
						"Path":".ModuleService\\Modules\\TestModule\\UCL_Assets\\UCL_GameObjectAsset",
						"FileInfos":
						[
							{
								"FileName":"",
								"Extension":"CommonDataMeta"
							}
						]
					},
					{
						"Name":"UCL_SpriteAsset",
						"Path":".ModuleService\\Modules\\TestModule\\UCL_Assets\\UCL_SpriteAsset",
						"FileInfos":
						[
							{
								"FileName":"",
								"Extension":"CommonDataMeta"
							},
							{
								"FileName":"Default",
								"Extension":"json"
							},
							{
								"FileName":"Default2",
								"Extension":"json"
							}
						]
					}
				]
			}
		]
	}
}